{
  "method": {
    "name": "flickr.photosets.getInfo",
    "needslogin": 0,
    "needssigning": 0,
    "requiredperms": 0,
    "description": {
      "_content": "Gets information about a photoset."
    },
    "response": {
      "_content": "<photoset id=\"72157624618609504\" owner=\"34427469121@N01\" primary=\"4847770787\" secret=\"6abd09a292\" server=\"4153\" farm=\"5\" photos=\"55\" count_views=\"523\" count_comments=\"1\" count_photos=\"43\" count_videos=\"12\" can_comment=\"1\" date_create=\"1280530593\" date_update=\"1308091378\">\r\n    <title>Mah Kittehs</title>\r\n    <description>Sixty and Niner. Born on the 3rd of May, 2010, or thereabouts. Came to my place on Thursday, July 29, 2010.</description>\r\n</photoset>"
    }
  },
  "arguments": {
    "argument": [
      {
        "name": "api_key",
        "optional": 0,
        "_content": "Your API application key. <a href=\"/services/api/misc.api_keys.html\">See here</a> for more details."
      },
      {
        "name": "photoset_id",
        "optional": "0",
        "_content": "The ID of the photoset to fetch information for."
      },
      {
        "name": "user_id",
        "optional": "0",
        "_content": "The user_id here is the owner of the set passed in photoset_id. This is optional, but passing this gives better performance. "
      }
    ]
  },
  "errors": {
    "error": [
      {
        "code": "1",
        "message": "Photoset not found",
        "_content": "The photoset id was not valid."
      },
      {
        "code": "2",
        "message": "User not found",
        "_content": ""
      },
      {
        "code": 100,
        "message": "Invalid API Key",
        "_content": "The API key passed was not valid or has expired."
      },
      {
        "code": 105,
        "message": "Service currently unavailable",
        "_content": "The requested service is temporarily unavailable."
      },
      {
        "code": 106,
        "message": "Write operation failed",
        "_content": "The requested operation failed due to a temporary issue."
      },
      {
        "code": 111,
        "message": "Format \"xxx\" not found",
        "_content": "The requested response format was not found."
      },
      {
        "code": 112,
        "message": "Method \"xxx\" not found",
        "_content": "The requested method was not found."
      },
      {
        "code": 114,
        "message": "Invalid SOAP envelope",
        "_content": "The SOAP envelope send in the request could not be parsed."
      },
      {
        "code": 115,
        "message": "Invalid XML-RPC Method Call",
        "_content": "The XML-RPC request document could not be parsed."
      },
      {
        "code": 116,
        "message": "Bad URL found",
        "_content": "One or more arguments contained a URL that has been used for abuse on Flickr."
      }
    ]
  },
  "stat": "ok"
}