{
  "method": {
    "name": "flickr.photosets.comments.getList",
    "needslogin": 0,
    "needssigning": 0,
    "requiredperms": 0,
    "description": {
      "_content": "Returns the comments for a photoset."
    },
    "response": {
      "_content": "<comments photoset_id=\"109722179\">\r\n    <comment id=\"6065-109722179-72057594077818641\"\r\n         author=\"35468159852@N01\" authorname=\"Rev Dan Catt\" date_create=\"1141841470\"\r\n         permalink=\"http://www.flickr.com/photos/straup/109722179/#comment72057594077818641\"\r\n         >Umm, I'm not sure, can I get back to you on that one?</comment>\r\n</comments>"
    }
  },
  "arguments": {
    "argument": [
      {
        "name": "api_key",
        "optional": 0,
        "_content": "Your API application key. <a href=\"/services/api/misc.api_keys.html\">See here</a> for more details."
      },
      {
        "name": "photoset_id",
        "optional": "0",
        "_content": "The id of the photoset to fetch comments for."
      }
    ]
  },
  "errors": {
    "error": [
      {
        "code": "1",
        "message": "Photoset not found.",
        "_content": "The photoset id was invalid."
      },
      {
        "code": 100,
        "message": "Invalid API Key",
        "_content": "The API key passed was not valid or has expired."
      },
      {
        "code": 105,
        "message": "Service currently unavailable",
        "_content": "The requested service is temporarily unavailable."
      },
      {
        "code": 106,
        "message": "Write operation failed",
        "_content": "The requested operation failed due to a temporary issue."
      },
      {
        "code": 111,
        "message": "Format \"xxx\" not found",
        "_content": "The requested response format was not found."
      },
      {
        "code": 112,
        "message": "Method \"xxx\" not found",
        "_content": "The requested method was not found."
      },
      {
        "code": 114,
        "message": "Invalid SOAP envelope",
        "_content": "The SOAP envelope send in the request could not be parsed."
      },
      {
        "code": 115,
        "message": "Invalid XML-RPC Method Call",
        "_content": "The XML-RPC request document could not be parsed."
      },
      {
        "code": 116,
        "message": "Bad URL found",
        "_content": "One or more arguments contained a URL that has been used for abuse on Flickr."
      }
    ]
  },
  "stat": "ok"
}