{
  "method": {
    "name": "flickr.people.getPhotosOf",
    "needslogin": 0,
    "needssigning": 0,
    "requiredperms": 0,
    "description": {
      "_content": "Returns a list of photos containing a particular Flickr member."
    },
    "response": {
      "_content": "<photos page=\"2\" has_next_page=\"1\" perpage=\"10\">\r\n\t<photo id=\"2636\" owner=\"47058503995@N01\" \r\n\t\tsecret=\"a123456\" server=\"2\" title=\"test_04\"\r\n\t\tispublic=\"1\" isfriend=\"0\" isfamily=\"0\" />\r\n\t<photo id=\"2635\" owner=\"47058503995@N01\"\r\n\t\tsecret=\"b123456\" server=\"2\" title=\"test_03\"\r\n\t\tispublic=\"0\" isfriend=\"1\" isfamily=\"1\" />\r\n\t<photo id=\"2633\" owner=\"47058503995@N01\"\r\n\t\tsecret=\"c123456\" server=\"2\" title=\"test_01\"\r\n\t\tispublic=\"1\" isfriend=\"0\" isfamily=\"0\" />\r\n\t<photo id=\"2610\" owner=\"12037949754@N01\"\r\n\t\tsecret=\"d123456\" server=\"2\" title=\"00_tall\"\r\n\t\tispublic=\"1\" isfriend=\"0\" isfamily=\"0\" />\r\n</photos>"
    },
    "explanation": {
      "_content": "<p>This method returns a variant of the standard photo list xml.</p>\r\n\r\n<p>For queries about a member other than the currently authenticated one, pagination data (\"total\" and \"pages\" attributes) will not be available.</p>\r\n\r\n<p>Instead, the <photos> element will contain a boolean value 'has_next_page' which will tell you whether or not there are more photos to fetch.</p>"
    }
  },
  "arguments": {
    "argument": [
      {
        "name": "api_key",
        "optional": 0,
        "_content": "Your API application key. <a href=\"/services/api/misc.api_keys.html\">See here</a> for more details."
      },
      {
        "name": "user_id",
        "optional": "0",
        "_content": "The NSID of the user you want to find photos of. A value of \"me\" will search against photos of the calling user, for authenticated calls."
      },
      {
        "name": "owner_id",
        "optional": "1",
        "_content": "An NSID of a Flickr member. This will restrict the list of photos to those taken by that member."
      },
      {
        "name": "extras",
        "optional": 1,
        "_content": "A comma-delimited list of extra information to fetch for each returned record. Currently supported fields are: <code>description</code>, <code>license</code>, <code>date_upload</code>, <code>date_taken</code>, <code>date_person_added</code>, <code>owner_name</code>, <code>icon_server</code>, <code>original_format</code>, <code>last_update</code>, <code>geo</code>, <code>tags</code>, <code>machine_tags</code>, <code>o_dims</code>, <code>views</code>, <code>media</code>, <code>path_alias</code>, <code>url_sq</code>, <code>url_t</code>, <code>url_s</code>, <code>url_q</code>, <code>url_m</code>, <code>url_n</code>, <code>url_z</code>, <code>url_c</code>, <code>url_l</code>, <code>url_o</code>"
      },
      {
        "name": "per_page",
        "optional": 1,
        "_content": "Number of photos to return per page. If this argument is omitted, it defaults to 100. The maximum allowed value is 500."
      },
      {
        "name": "page",
        "optional": 1,
        "_content": "The page of results to return. If this argument is omitted, it defaults to 1."
      }
    ]
  },
  "errors": {
    "error": [
      {
        "code": "1",
        "message": "User not found.",
        "_content": "A user_id was passed which did not match a valid flickr user."
      },
      {
        "code": 100,
        "message": "Invalid API Key",
        "_content": "The API key passed was not valid or has expired."
      },
      {
        "code": 105,
        "message": "Service currently unavailable",
        "_content": "The requested service is temporarily unavailable."
      },
      {
        "code": 106,
        "message": "Write operation failed",
        "_content": "The requested operation failed due to a temporary issue."
      },
      {
        "code": 111,
        "message": "Format \"xxx\" not found",
        "_content": "The requested response format was not found."
      },
      {
        "code": 112,
        "message": "Method \"xxx\" not found",
        "_content": "The requested method was not found."
      },
      {
        "code": 114,
        "message": "Invalid SOAP envelope",
        "_content": "The SOAP envelope send in the request could not be parsed."
      },
      {
        "code": 115,
        "message": "Invalid XML-RPC Method Call",
        "_content": "The XML-RPC request document could not be parsed."
      },
      {
        "code": 116,
        "message": "Bad URL found",
        "_content": "One or more arguments contained a URL that has been used for abuse on Flickr."
      }
    ]
  },
  "stat": "ok"
}