{
  "method": {
    "name": "flickr.places.getShapeHistory",
    "needslogin": 0,
    "needssigning": 0,
    "requiredperms": 0,
    "description": {
      "_content": "Return an historical list of all the shape data generated for a Places or Where on Earth (WOE) ID."
    },
    "response": {
      "_content": "<shapes total=\"2\" woe_id=\"3534\" place_id=\"4hLQygSaBJ92\" place_type=\"locality\" place_type_id=\"7\">\r\n   <shapedata created=\"1223513357\" alpha=\"0.012359619140625\"\r\n      count_points=\"34778\" count_edges=\"52\" is_donuthole=\"0\">\r\n      <polylines>\r\n         <polyline>\r\n            45.427627563477,-73.589645385742 45.428966522217,-73.587898254395, etc...\r\n         </polyline>\r\n      </polylines>\r\n      <urls>\r\n         <shapefile>\r\n         http://farm4.static.flickr.com/3228/shapefiles/3534_20081111_0a8afe03c5.tar.gz\r\n         </shapefile>\r\n      </urls>\r\n   </shapedata>\r\n   <!-- and so on... -->\r\n</shapes>"
    }
  },
  "arguments": {
    "argument": [
      {
        "name": "api_key",
        "optional": 0,
        "_content": "Your API application key. <a href=\"/services/api/misc.api_keys.html\">See here</a> for more details."
      },
      {
        "name": "place_id",
        "optional": "1",
        "_content": "A Flickr Places ID. <span style=\"font-style:italic;\">(While optional, you must pass either a valid Places ID or a WOE ID.)</span>"
      },
      {
        "name": "woe_id",
        "optional": "1",
        "_content": "A Where On Earth (WOE) ID. <span style=\"font-style:italic;\">(While optional, you must pass either a valid Places ID or a WOE ID.)</span>"
      }
    ]
  },
  "errors": {
    "error": [
      {
        "code": "1",
        "message": "Required parameter missing",
        "_content": "One or more required parameter is missing from the API call."
      },
      {
        "code": "2",
        "message": "Not a valid Places ID",
        "_content": "An invalid Places (or WOE) ID was passed with the API call."
      },
      {
        "code": "3",
        "message": "Place not found",
        "_content": "No place could be found for the Places (or WOE) ID passed to the API call."
      },
      {
        "code": 100,
        "message": "Invalid API Key",
        "_content": "The API key passed was not valid or has expired."
      },
      {
        "code": 105,
        "message": "Service currently unavailable",
        "_content": "The requested service is temporarily unavailable."
      },
      {
        "code": 106,
        "message": "Write operation failed",
        "_content": "The requested operation failed due to a temporary issue."
      },
      {
        "code": 111,
        "message": "Format \"xxx\" not found",
        "_content": "The requested response format was not found."
      },
      {
        "code": 112,
        "message": "Method \"xxx\" not found",
        "_content": "The requested method was not found."
      },
      {
        "code": 114,
        "message": "Invalid SOAP envelope",
        "_content": "The SOAP envelope send in the request could not be parsed."
      },
      {
        "code": 115,
        "message": "Invalid XML-RPC Method Call",
        "_content": "The XML-RPC request document could not be parsed."
      },
      {
        "code": 116,
        "message": "Bad URL found",
        "_content": "One or more arguments contained a URL that has been used for abuse on Flickr."
      }
    ]
  },
  "stat": "ok"
}