{
  "method": {
    "name": "flickr.photos.setDates",
    "needslogin": 1,
    "needssigning": 1,
    "requiredperms": "2",
    "description": {
      "_content": "Set one or both of the dates for a photo."
    }
  },
  "arguments": {
    "argument": [
      {
        "name": "api_key",
        "optional": 0,
        "_content": "Your API application key. <a href=\"/services/api/misc.api_keys.html\">See here</a> for more details."
      },
      {
        "name": "photo_id",
        "optional": "0",
        "_content": "The id of the photo to edit dates for."
      },
      {
        "name": "date_posted",
        "optional": "1",
        "_content": "The date the photo was uploaded to flickr (see the <a href=\"/services/api/misc.dates.html\">dates documentation</a>)"
      },
      {
        "name": "date_taken",
        "optional": "1",
        "_content": "The date the photo was taken (see the <a href=\"/services/api/misc.dates.html\">dates documentation</a>)"
      },
      {
        "name": "date_taken_granularity",
        "optional": "1",
        "_content": "The granularity of the date the photo was taken (see the <a href=\"/services/api/misc.dates.html\">dates documentation</a>)"
      }
    ]
  },
  "errors": {
    "error": [
      {
        "code": "1",
        "message": "Photo not found",
        "_content": "The photo id was not the id of a valid photo belonging to the calling user."
      },
      {
        "code": "2",
        "message": "Not enough arguments",
        "_content": "No dates were specified to be changed."
      },
      {
        "code": "3",
        "message": "Invalid granularity",
        "_content": "The value passed for 'granularity' was not a valid flickr date granularity."
      },
      {
        "code": "4",
        "message": "Invalid date_posted",
        "_content": "The date posted is invalid, its in the past."
      },
      {
        "code": "5",
        "message": "Invalid Date Taken Format",
        "_content": "The date taken is not in the format that we support."
      },
      {
        "code": "6",
        "message": "Invalid Date Taken",
        "_content": "The date taken passed is invalid. It may be in the future or way in the past. "
      },
      {
        "code": 95,
        "message": "SSL is required",
        "_content": "SSL is required to access the Flickr API."
      },
      {
        "code": 96,
        "message": "Invalid signature",
        "_content": "The passed signature was invalid."
      },
      {
        "code": 97,
        "message": "Missing signature",
        "_content": "The call required signing but no signature was sent."
      },
      {
        "code": 98,
        "message": "Login failed / Invalid auth token",
        "_content": "The login details or auth token passed were invalid."
      },
      {
        "code": 99,
        "message": "User not logged in / Insufficient permissions",
        "_content": "The method requires user authentication but the user was not logged in, or the authenticated method call did not have the required permissions."
      },
      {
        "code": 100,
        "message": "Invalid API Key",
        "_content": "The API key passed was not valid or has expired."
      },
      {
        "code": 105,
        "message": "Service currently unavailable",
        "_content": "The requested service is temporarily unavailable."
      },
      {
        "code": 106,
        "message": "Write operation failed",
        "_content": "The requested operation failed due to a temporary issue."
      },
      {
        "code": 111,
        "message": "Format \"xxx\" not found",
        "_content": "The requested response format was not found."
      },
      {
        "code": 112,
        "message": "Method \"xxx\" not found",
        "_content": "The requested method was not found."
      },
      {
        "code": 114,
        "message": "Invalid SOAP envelope",
        "_content": "The SOAP envelope send in the request could not be parsed."
      },
      {
        "code": 115,
        "message": "Invalid XML-RPC Method Call",
        "_content": "The XML-RPC request document could not be parsed."
      },
      {
        "code": 116,
        "message": "Bad URL found",
        "_content": "One or more arguments contained a URL that has been used for abuse on Flickr."
      }
    ]
  },
  "stat": "ok"
}