{
  "method": {
    "name": "flickr.photos.geo.setContext",
    "needslogin": 1,
    "needssigning": 1,
    "requiredperms": "2",
    "description": {
      "_content": "Indicate the state of a photo's geotagginess beyond latitude and longitude.<br /><br />\r\nNote : photos passed to this method must already be geotagged (using the <q>flickr.photos.geo.setLocation</q> method)."
    }
  },
  "arguments": {
    "argument": [
      {
        "name": "api_key",
        "optional": 0,
        "_content": "Your API application key. <a href=\"/services/api/misc.api_keys.html\">See here</a> for more details."
      },
      {
        "name": "photo_id",
        "optional": "0",
        "_content": "The id of the photo to set context data for."
      },
      {
        "name": "context",
        "optional": "0",
        "_content": "Context is a numeric value representing the photo's geotagginess beyond latitude and longitude. For example, you may wish to indicate that a photo was taken \"indoors\" or \"outdoors\". <br /><br />\r\nThe current list of context IDs is :<br /><br/>\r\n<ul>\r\n<li><strong>0</strong>, not defined.</li>\r\n<li><strong>1</strong>, indoors.</li>\r\n<li><strong>2</strong>, outdoors.</li>\r\n</ul>"
      }
    ]
  },
  "errors": {
    "error": [
      {
        "code": "1",
        "message": "Photo not found",
        "_content": "The photo id was either invalid or was for a photo not viewable by the calling user."
      },
      {
        "code": "2",
        "message": "Not a valid context",
        "_content": "The context ID passed to the method is invalid."
      },
      {
        "code": 95,
        "message": "SSL is required",
        "_content": "SSL is required to access the Flickr API."
      },
      {
        "code": 96,
        "message": "Invalid signature",
        "_content": "The passed signature was invalid."
      },
      {
        "code": 97,
        "message": "Missing signature",
        "_content": "The call required signing but no signature was sent."
      },
      {
        "code": 98,
        "message": "Login failed / Invalid auth token",
        "_content": "The login details or auth token passed were invalid."
      },
      {
        "code": 99,
        "message": "User not logged in / Insufficient permissions",
        "_content": "The method requires user authentication but the user was not logged in, or the authenticated method call did not have the required permissions."
      },
      {
        "code": 100,
        "message": "Invalid API Key",
        "_content": "The API key passed was not valid or has expired."
      },
      {
        "code": 105,
        "message": "Service currently unavailable",
        "_content": "The requested service is temporarily unavailable."
      },
      {
        "code": 106,
        "message": "Write operation failed",
        "_content": "The requested operation failed due to a temporary issue."
      },
      {
        "code": 111,
        "message": "Format \"xxx\" not found",
        "_content": "The requested response format was not found."
      },
      {
        "code": 112,
        "message": "Method \"xxx\" not found",
        "_content": "The requested method was not found."
      },
      {
        "code": 114,
        "message": "Invalid SOAP envelope",
        "_content": "The SOAP envelope send in the request could not be parsed."
      },
      {
        "code": 115,
        "message": "Invalid XML-RPC Method Call",
        "_content": "The XML-RPC request document could not be parsed."
      },
      {
        "code": 116,
        "message": "Bad URL found",
        "_content": "One or more arguments contained a URL that has been used for abuse on Flickr."
      }
    ]
  },
  "stat": "ok"
}