{
  "method": {
    "name": "flickr.photos.people.getList",
    "needslogin": 0,
    "needssigning": 0,
    "requiredperms": 0,
    "description": {
      "_content": "Get a list of people in a given photo."
    },
    "response": {
      "_content": "<people total=\"1\">\r\n  <person nsid=\"87944415@N00\" username=\"hitherto\" iconserver=\"1\" iconfarm=\"1\"\r\n          realname=\"Simon Batistoni\" added_by=\"12037949754@N01\" x=\"50\" y=\"50\"\r\n          w=\"100\" h=\"100\"/>\r\n</people>"
    },
    "explanation": {
      "_content": "x, y, w and h correspond to the coordinates of the \"bounding box\" around a person in a photo. Since these co-ordinates are optional, these elements may not be present for every person."
    }
  },
  "arguments": {
    "argument": [
      {
        "name": "api_key",
        "optional": 0,
        "_content": "Your API application key. <a href=\"/services/api/misc.api_keys.html\">See here</a> for more details."
      },
      {
        "name": "photo_id",
        "optional": "0",
        "_content": "The id of the photo to get a list of people for."
      }
    ]
  },
  "errors": {
    "error": [
      {
        "code": "1",
        "message": "Photo not found",
        "_content": "The photo id passed was not a valid photo id."
      },
      {
        "code": 100,
        "message": "Invalid API Key",
        "_content": "The API key passed was not valid or has expired."
      },
      {
        "code": 105,
        "message": "Service currently unavailable",
        "_content": "The requested service is temporarily unavailable."
      },
      {
        "code": 106,
        "message": "Write operation failed",
        "_content": "The requested operation failed due to a temporary issue."
      },
      {
        "code": 111,
        "message": "Format \"xxx\" not found",
        "_content": "The requested response format was not found."
      },
      {
        "code": 112,
        "message": "Method \"xxx\" not found",
        "_content": "The requested method was not found."
      },
      {
        "code": 114,
        "message": "Invalid SOAP envelope",
        "_content": "The SOAP envelope send in the request could not be parsed."
      },
      {
        "code": 115,
        "message": "Invalid XML-RPC Method Call",
        "_content": "The XML-RPC request document could not be parsed."
      },
      {
        "code": 116,
        "message": "Bad URL found",
        "_content": "One or more arguments contained a URL that has been used for abuse on Flickr."
      }
    ]
  },
  "stat": "ok"
}