{
  "method": {
    "name": "flickr.prefs.getGeoPerms",
    "needslogin": 1,
    "needssigning": 1,
    "requiredperms": "1",
    "description": {
      "_content": "Returns the default privacy level for geographic information attached to the user's photos and whether or not the user has chosen to use geo-related EXIF information to automatically geotag their photos.\r\n\r\nPossible values, for viewing geotagged photos, are:\r\n\r\n<ul>\r\n<li>0 : <i>No default set</i></li>\r\n<li>1 : Public</li>\r\n<li>2 : Contacts only</li>\r\n<li>3 : Friends and Family only</li>\r\n<li>4 : Friends only</li>\r\n<li>5 : Family only</li>\r\n<li>6 : Private</li>\r\n</ul>\r\n\r\nUsers can edit this preference at <a href=\"http://www.flickr.com/account/geo/privacy/\">http://www.flickr.com/account/geo/privacy/</a>.\r\n<br /><br />\r\nPossible values for whether or not geo-related EXIF information will be used to geotag a photo are:\r\n\r\n<ul>\r\n<li>0: Geo-related EXIF information will be ignored</li>\r\n<li>1: Geo-related EXIF information will be used to try and geotag photos on upload</li>\r\n</ul>\r\n\r\nUsers can edit this preference at <a href=\"http://www.flickr.com/account/geo/exif/?from=privacy\">http://www.flickr.com/account/geo/exif/?from=privacy</a>"
    },
    "response": {
      "_content": "<rsp stat=\"ok\">\r\n<person nsid=\"12037949754@N01\" geoperms=\"1\" importgeoexif=\"0\" />\r\n</rsp>"
    }
  },
  "arguments": {
    "argument": [
      {
        "name": "api_key",
        "optional": 0,
        "_content": "Your API application key. <a href=\"/services/api/misc.api_keys.html\">See here</a> for more details."
      }
    ]
  },
  "errors": {
    "error": [
      {
        "code": 95,
        "message": "SSL is required",
        "_content": "SSL is required to access the Flickr API."
      },
      {
        "code": 96,
        "message": "Invalid signature",
        "_content": "The passed signature was invalid."
      },
      {
        "code": 97,
        "message": "Missing signature",
        "_content": "The call required signing but no signature was sent."
      },
      {
        "code": 98,
        "message": "Login failed / Invalid auth token",
        "_content": "The login details or auth token passed were invalid."
      },
      {
        "code": 99,
        "message": "User not logged in / Insufficient permissions",
        "_content": "The method requires user authentication but the user was not logged in, or the authenticated method call did not have the required permissions."
      },
      {
        "code": 100,
        "message": "Invalid API Key",
        "_content": "The API key passed was not valid or has expired."
      },
      {
        "code": 105,
        "message": "Service currently unavailable",
        "_content": "The requested service is temporarily unavailable."
      },
      {
        "code": 106,
        "message": "Write operation failed",
        "_content": "The requested operation failed due to a temporary issue."
      },
      {
        "code": 111,
        "message": "Format \"xxx\" not found",
        "_content": "The requested response format was not found."
      },
      {
        "code": 112,
        "message": "Method \"xxx\" not found",
        "_content": "The requested method was not found."
      },
      {
        "code": 114,
        "message": "Invalid SOAP envelope",
        "_content": "The SOAP envelope send in the request could not be parsed."
      },
      {
        "code": 115,
        "message": "Invalid XML-RPC Method Call",
        "_content": "The XML-RPC request document could not be parsed."
      },
      {
        "code": 116,
        "message": "Bad URL found",
        "_content": "One or more arguments contained a URL that has been used for abuse on Flickr."
      }
    ]
  },
  "stat": "ok"
}