{
  "method": {
    "name": "flickr.places.find",
    "needslogin": 0,
    "needssigning": 0,
    "requiredperms": 0,
    "description": {
      "_content": "Return a list of place IDs for a query string.<br /><br />\r\nThe flickr.places.find method is <b>not</b> a geocoder. It will round <q>up</q> to the nearest place type to which place IDs apply. For example, if you pass it a street level address it will return the city that contains the address rather than the street, or building, itself."
    },
    "response": {
      "_content": "<places query=\"Alabama\" total=\"3\">\r\n   <place place_id=\"VrrjuESbApjeFS4.\" woeid=\"2347559\"\r\n               latitude=\"32.614\" longitude=\"-86.680\"\r\n               place_url=\"/United+States/Alabama\"\r\n               place_type=\"region\">Alabama, Alabama, United States</place>\r\n   <place place_id=\"cGHuc0mbApmzEHoP\" woeid=\"2352520\"\r\n               latitude=\"43.096\" longitude=\"-78.389\"\r\n               place_url=\"/United+States/New+York/Alabama\"\r\n               place_type=\"locality\">Alabama, New York, United States</place>\r\n   <place place_id=\"o4yVPEqYBJvFMP8Q\" woeid=\"1579389\"\r\n               latitude=\"-26.866\" longitude=\"26.583\"\r\n               place_url=\"/South+Africa/North+West/Alabama\"\r\n               place_type=\"locality\">Alabama, North West, South Africa</place>\r\n</places>"
    },
    "explanation": {
      "_content": "Each place returned will contain its place ID, corresponding URL (underneath www.flickr.com/places) and place type for disambiguating different locations with the same name."
    }
  },
  "arguments": {
    "argument": [
      {
        "name": "api_key",
        "optional": 0,
        "_content": "Your API application key. <a href=\"/services/api/misc.api_keys.html\">See here</a> for more details."
      },
      {
        "name": "query",
        "optional": "0",
        "_content": "The query string to use for place ID lookups"
      }
    ]
  },
  "errors": {
    "error": [
      {
        "code": "1",
        "message": "Required parameter missing",
        "_content": "One or more required parameters was not included with the API call."
      },
      {
        "code": 100,
        "message": "Invalid API Key",
        "_content": "The API key passed was not valid or has expired."
      },
      {
        "code": 105,
        "message": "Service currently unavailable",
        "_content": "The requested service is temporarily unavailable."
      },
      {
        "code": 106,
        "message": "Write operation failed",
        "_content": "The requested operation failed due to a temporary issue."
      },
      {
        "code": 111,
        "message": "Format \"xxx\" not found",
        "_content": "The requested response format was not found."
      },
      {
        "code": 112,
        "message": "Method \"xxx\" not found",
        "_content": "The requested method was not found."
      },
      {
        "code": 114,
        "message": "Invalid SOAP envelope",
        "_content": "The SOAP envelope send in the request could not be parsed."
      },
      {
        "code": 115,
        "message": "Invalid XML-RPC Method Call",
        "_content": "The XML-RPC request document could not be parsed."
      },
      {
        "code": 116,
        "message": "Bad URL found",
        "_content": "One or more arguments contained a URL that has been used for abuse on Flickr."
      }
    ]
  },
  "stat": "ok"
}