{
  "method": {
    "name": "flickr.stats.getPopularPhotos",
    "needslogin": 1,
    "needssigning": 1,
    "requiredperms": "1",
    "description": {
      "_content": "List the photos with the most views, comments or favorites"
    },
    "response": {
      "_content": "<photos page=\"2\" pages=\"89\" perpage=\"10\" total=\"881\">\r\n\t<photo id=\"2636\" owner=\"47058503995@N01\" \r\n\t\tsecret=\"a123456\" server=\"2\" title=\"test_04\"\r\n\t\tispublic=\"1\" isfriend=\"0\" isfamily=\"0\">\r\n\t\t<stats views=\"941\" comments=\"18\" favorites=\"2\"/>\r\n\t</photo>\r\n\t<photo id=\"2635\" owner=\"47058503995@N01\"\r\n\t\tsecret=\"b123456\" server=\"2\" title=\"test_03\"\r\n\t\tispublic=\"0\" isfriend=\"1\" isfamily=\"1\">\r\n\t\t<stats views=\"141\" comments=\"1\" favorites=\"2\"/>\r\n\t</photo>\r\n</photos>"
    },
    "explanation": {
      "_content": "<p>This method returns the standard photo list xml.</p>\r\n\r\n<p>In addition each photo element contains a <code>&lt;stats&gt;</code> element. This has attributes for the view, comment and favorite counts for the requested day.</p>\r\n\r\n<p>To map <code>&lt;photo&gt;</code> elements to urls, please read the <a href=\"misc.urls.html\">url documentation</a>.</p>\r\n"
    }
  },
  "arguments": {
    "argument": [
      {
        "name": "api_key",
        "optional": 0,
        "_content": "Your API application key. <a href=\"/services/api/misc.api_keys.html\">See here</a> for more details."
      },
      {
        "name": "date",
        "optional": "1",
        "_content": "Stats will be returned for this date. This should be in either be in YYYY-MM-DD or unix timestamp format. \r\n\r\nA day according to Flickr Stats starts at midnight GMT for all users, and timestamps will automatically be rounded down to the start of the day.\r\n\r\nIf no date is provided, all time view counts will be returned."
      },
      {
        "name": "sort",
        "optional": "1",
        "_content": "The order in which to sort returned photos. Defaults to views. The possible values are views, comments and favorites. \r\n\r\nOther sort options are available through <a href=\"/services/api/flickr.photos.search.html\">flickr.photos.search</a>."
      },
      {
        "name": "per_page",
        "optional": "1",
        "_content": "Number of referrers to return per page. If this argument is omitted, it defaults to 25. The maximum allowed value is 100."
      },
      {
        "name": "page",
        "optional": "1",
        "_content": "The page of results to return. If this argument is omitted, it defaults to 1."
      }
    ]
  },
  "errors": {
    "error": [
      {
        "code": "1",
        "message": "User does not have stats",
        "_content": "The user you have requested stats has not enabled stats on their account."
      },
      {
        "code": "2",
        "message": "No stats for that date",
        "_content": "No stats are available for the date requested. Flickr only keeps stats data for the last 28 days."
      },
      {
        "code": "3",
        "message": "Invalid date",
        "_content": "The date provided could not be parsed"
      },
      {
        "code": "5",
        "message": "Invalid sort",
        "_content": "The sort provided is not valid"
      },
      {
        "code": 95,
        "message": "SSL is required",
        "_content": "SSL is required to access the Flickr API."
      },
      {
        "code": 96,
        "message": "Invalid signature",
        "_content": "The passed signature was invalid."
      },
      {
        "code": 97,
        "message": "Missing signature",
        "_content": "The call required signing but no signature was sent."
      },
      {
        "code": 98,
        "message": "Login failed / Invalid auth token",
        "_content": "The login details or auth token passed were invalid."
      },
      {
        "code": 99,
        "message": "User not logged in / Insufficient permissions",
        "_content": "The method requires user authentication but the user was not logged in, or the authenticated method call did not have the required permissions."
      },
      {
        "code": 100,
        "message": "Invalid API Key",
        "_content": "The API key passed was not valid or has expired."
      },
      {
        "code": 105,
        "message": "Service currently unavailable",
        "_content": "The requested service is temporarily unavailable."
      },
      {
        "code": 106,
        "message": "Write operation failed",
        "_content": "The requested operation failed due to a temporary issue."
      },
      {
        "code": 111,
        "message": "Format \"xxx\" not found",
        "_content": "The requested response format was not found."
      },
      {
        "code": 112,
        "message": "Method \"xxx\" not found",
        "_content": "The requested method was not found."
      },
      {
        "code": 114,
        "message": "Invalid SOAP envelope",
        "_content": "The SOAP envelope send in the request could not be parsed."
      },
      {
        "code": 115,
        "message": "Invalid XML-RPC Method Call",
        "_content": "The XML-RPC request document could not be parsed."
      },
      {
        "code": 116,
        "message": "Bad URL found",
        "_content": "One or more arguments contained a URL that has been used for abuse on Flickr."
      }
    ]
  },
  "stat": "ok"
}