{
  "method": {
    "name": "flickr.collections.getTree",
    "needslogin": 0,
    "needssigning": 0,
    "requiredperms": 0,
    "description": {
      "_content": "Returns a tree (or sub tree) of collections belonging to a given user."
    },
    "response": {
      "_content": "<collections>\r\n<collection id=\"12-72157594586579649\" title=\"All My Photos\" description=\"a collection\" iconlarge=\"http://farm1.static.flickr.com/187/cols/37_43fac2cf79_l.jpg\" \r\niconsmall=\"http://farm1.static.flickr.com/187/cols/56_43fac2cf79_s.jpg\">\r\n<set id=\"92157594171298291\" title=\"kitesurfing\" description=\"a set\"/>\r\n<set id=\"72157594247596158\" title=\"faves\" description=\"some favorites.\"/>\r\n</collection>\r\n</collections>"
    },
    "explanation": {
      "_content": "A nested tree of collections, and the collections and sets they contain."
    }
  },
  "arguments": {
    "argument": [
      {
        "name": "api_key",
        "optional": 0,
        "_content": "Your API application key. <a href=\"/services/api/misc.api_keys.html\">See here</a> for more details."
      },
      {
        "name": "collection_id",
        "optional": "1",
        "_content": "The ID of the collection to fetch a tree for, or zero to fetch the root collection. Defaults to zero."
      },
      {
        "name": "user_id",
        "optional": "1",
        "_content": "The ID of the account to fetch the collection tree for. Deafults to the calling user."
      }
    ]
  },
  "errors": {
    "error": [
      {
        "code": "1",
        "message": "User not found",
        "_content": "The specified user could not be found."
      },
      {
        "code": "2",
        "message": "Collection not found",
        "_content": "The specified collection does not exist."
      },
      {
        "code": 100,
        "message": "Invalid API Key",
        "_content": "The API key passed was not valid or has expired."
      },
      {
        "code": 105,
        "message": "Service currently unavailable",
        "_content": "The requested service is temporarily unavailable."
      },
      {
        "code": 106,
        "message": "Write operation failed",
        "_content": "The requested operation failed due to a temporary issue."
      },
      {
        "code": 111,
        "message": "Format \"xxx\" not found",
        "_content": "The requested response format was not found."
      },
      {
        "code": 112,
        "message": "Method \"xxx\" not found",
        "_content": "The requested method was not found."
      },
      {
        "code": 114,
        "message": "Invalid SOAP envelope",
        "_content": "The SOAP envelope send in the request could not be parsed."
      },
      {
        "code": 115,
        "message": "Invalid XML-RPC Method Call",
        "_content": "The XML-RPC request document could not be parsed."
      },
      {
        "code": 116,
        "message": "Bad URL found",
        "_content": "One or more arguments contained a URL that has been used for abuse on Flickr."
      }
    ]
  },
  "stat": "ok"
}